department,month,budgeted_expense,actual_expense,budgeted_revenue,actual_revenue
HR,Jan,30000,28000,0,0
HR,Feb,32000,35000,0,0
Marketing,Jan,50000,60000,100000,95000
Marketing,Feb,55000,53000,110000,115000
Sales,Jan,40000,42000,90000,88000
Sales,Feb,45000,46000,95000,97000
R&D,Jan,70000,71000,0,0
R&D,Feb,75000,73000,0,0
